id_transazione,id_cliente,codice_prodotto,quantita,data_ora,nome_cliente,eta,livello_fedelta,citta_residenza,cap,email_verificata,categoria,prezzo_listino,sconto_categoria_pct,totale_lordo,totale_netto
1000,CLI_0052,3,4,2025-01-01 00:00:00,Cliente_CLI_0052,57,0,0,29129,True,0,25.0,15.0,100.0,85.0
1001,CLI_0093,1,4,2025-01-01 00:30:00,Cliente_CLI_0093,50,2,1,40087,True,2,450.0,10.0,1800.0,1620.0
1002,CLI_0015,3,5,2025-01-01 01:00:00,Cliente_CLI_0015,69,1,4,47265,True,0,25.0,15.0,125.0,106.25
1003,CLI_0072,2,2,2025-01-01 01:30:00,Cliente_CLI_0072,32,2,4,37082,False,1,80.0,0.0,160.0,160.0
1004,CLI_0061,0,5,2025-01-01 02:00:00,Cliente_CLI_0061,49,0,4,76672,True,1,120.0,5.0,600.0,570.0
1005,CLI_0021,1,2,2025-01-01 02:30:00,Cliente_CLI_0021,33,0,3,84859,False,2,450.0,10.0,900.0,810.0
1006,CLI_0083,0,5,2025-01-01 03:00:00,Cliente_CLI_0083,61,2,4,31563,False,1,120.0,5.0,600.0,570.0
1007,CLI_0087,0,3,2025-01-01 03:30:00,Cliente_CLI_0087,20,2,1,57837,False,1,120.0,5.0,360.0,342.0
1008,CLI_0075,1,3,2025-01-01 04:00:00,Cliente_CLI_0075,56,1,0,85932,True,2,450.0,10.0,1350.0,1215.0
1009,CLI_0075,3,3,2025-01-01 04:30:00,Cliente_CLI_0075,56,1,0,85932,True,0,25.0,15.0,75.0,63.75
1010,CLI_0088,0,3,2025-01-01 05:00:00,Cliente_CLI_0088,24,0,2,61027,False,1,120.0,5.0,360.0,342.0
1011,CLI_0100,2,1,2025-01-01 05:30:00,Cliente_CLI_0100,67,1,3,75641,True,1,80.0,0.0,80.0,80.0
1012,CLI_0024,0,3,2025-01-01 06:00:00,Cliente_CLI_0024,49,2,4,49974,False,1,120.0,5.0,360.0,342.0
1013,CLI_0003,1,4,2025-01-01 06:30:00,Cliente_CLI_0003,20,3,0,85186,False,2,450.0,10.0,1800.0,1620.0
1014,CLI_0022,1,4,2025-01-01 07:00:00,Cliente_CLI_0022,19,1,4,62393,False,2,450.0,10.0,1800.0,1620.0
1015,CLI_0053,1,1,2025-01-01 07:30:00,Cliente_CLI_0053,57,3,4,17314,False,2,450.0,10.0,450.0,405.0
1016,CLI_0002,3,3,2025-01-01 08:00:00,Cliente_CLI_0002,60,2,3,23350,True,0,25.0,15.0,75.0,63.75
1017,CLI_0088,0,3,2025-01-01 08:30:00,Cliente_CLI_0088,24,0,2,61027,False,1,120.0,5.0,360.0,342.0
1018,CLI_0030,3,3,2025-01-01 09:00:00,Cliente_CLI_0030,54,0,1,45400,True,0,25.0,15.0,75.0,63.75
1019,CLI_0038,3,5,2025-01-01 09:30:00,Cliente_CLI_0038,23,0,0,83781,True,0,25.0,15.0,125.0,106.25
1020,CLI_0002,1,2,2025-01-01 10:00:00,Cliente_CLI_0002,60,2,3,23350,True,2,450.0,10.0,900.0,810.0
1021,CLI_0064,1,5,2025-01-01 10:30:00,Cliente_CLI_0064,36,3,3,52207,False,2,450.0,10.0,2250.0,2025.0
1022,CLI_0060,3,2,2025-01-01 11:00:00,Cliente_CLI_0060,31,0,0,43062,False,0,25.0,15.0,50.0,42.5
1023,CLI_0021,0,3,2025-01-01 11:30:00,Cliente_CLI_0021,33,0,3,84859,False,1,120.0,5.0,360.0,342.0
1024,CLI_0033,2,3,2025-01-01 12:00:00,Cliente_CLI_0033,63,2,4,39757,True,1,80.0,0.0,240.0,240.0
1025,CLI_0076,3,5,2025-01-01 12:30:00,Cliente_CLI_0076,69,2,3,88797,False,0,25.0,15.0,125.0,106.25
1026,CLI_0058,0,5,2025-01-01 13:00:00,Cliente_CLI_0058,68,1,3,12719,True,1,120.0,5.0,600.0,570.0
1027,CLI_0022,1,2,2025-01-01 13:30:00,Cliente_CLI_0022,19,1,4,62393,False,2,450.0,10.0,900.0,810.0
1028,CLI_0089,1,4,2025-01-01 14:00:00,Cliente_CLI_0089,26,3,1,15109,True,2,450.0,10.0,1800.0,1620.0
1029,CLI_0049,0,2,2025-01-01 14:30:00,Cliente_CLI_0049,25,1,0,80831,False,1,120.0,5.0,240.0,228.0
1030,CLI_0091,2,5,2025-01-01 15:00:00,Cliente_CLI_0091,34,2,0,36589,False,1,80.0,0.0,400.0,400.0
1031,CLI_0059,1,5,2025-01-01 15:30:00,Cliente_CLI_0059,47,1,3,28787,False,2,450.0,10.0,2250.0,2025.0
1032,CLI_0042,1,1,2025-01-01 16:00:00,Cliente_CLI_0042,52,3,0,17287,True,2,450.0,10.0,450.0,405.0
1033,CLI_0092,1,5,2025-01-01 16:30:00,Cliente_CLI_0092,35,3,4,31804,True,2,450.0,10.0,2250.0,2025.0
1034,CLI_0060,0,1,2025-01-01 17:00:00,Cliente_CLI_0060,31,0,0,43062,False,1,120.0,5.0,120.0,114.0
1035,CLI_0080,3,4,2025-01-01 17:30:00,Cliente_CLI_0080,23,1,1,42196,True,0,25.0,15.0,100.0,85.0
1036,CLI_0015,1,2,2025-01-01 18:00:00,Cliente_CLI_0015,69,1,4,47265,True,2,450.0,10.0,900.0,810.0
1037,CLI_0062,3,2,2025-01-01 18:30:00,Cliente_CLI_0062,34,2,3,22987,False,0,25.0,15.0,50.0,42.5
1038,CLI_0062,2,1,2025-01-01 19:00:00,Cliente_CLI_0062,34,2,3,22987,False,1,80.0,0.0,80.0,80.0
1039,CLI_0047,1,2,2025-01-01 19:30:00,Cliente_CLI_0047,57,0,0,68762,True,2,450.0,10.0,900.0,810.0
1040,CLI_0062,1,5,2025-01-01 20:00:00,Cliente_CLI_0062,34,2,3,22987,False,2,450.0,10.0,2250.0,2025.0
1041,CLI_0051,2,3,2025-01-01 20:30:00,Cliente_CLI_0051,45,0,0,55648,False,1,80.0,0.0,240.0,240.0
1042,CLI_0055,1,1,2025-01-01 21:00:00,Cliente_CLI_0055,58,0,4,61756,True,2,450.0,10.0,450.0,405.0
1043,CLI_0064,3,2,2025-01-01 21:30:00,Cliente_CLI_0064,36,3,3,52207,False,0,25.0,15.0,50.0,42.5
1044,CLI_0003,0,1,2025-01-01 22:00:00,Cliente_CLI_0003,20,3,0,85186,False,1,120.0,5.0,120.0,114.0
1045,CLI_0051,3,1,2025-01-01 22:30:00,Cliente_CLI_0051,45,0,0,55648,False,0,25.0,15.0,25.0,21.25
1046,CLI_0007,0,3,2025-01-01 23:00:00,Cliente_CLI_0007,33,2,4,81431,True,1,120.0,5.0,360.0,342.0
1047,CLI_0021,0,5,2025-01-01 23:30:00,Cliente_CLI_0021,33,0,3,84859,False,1,120.0,5.0,600.0,570.0
1048,CLI_0073,3,1,2025-01-02 00:00:00,Cliente_CLI_0073,40,3,3,36029,False,0,25.0,15.0,25.0,21.25
1049,CLI_0039,3,2,2025-01-02 00:30:00,Cliente_CLI_0039,40,0,1,86898,False,0,25.0,15.0,50.0,42.5
1050,CLI_0018,3,4,2025-01-02 01:00:00,Cliente_CLI_0018,20,0,4,12983,False,0,25.0,15.0,100.0,85.0
1051,CLI_0004,3,1,2025-01-02 01:30:00,Cliente_CLI_0004,55,3,2,61474,True,0,25.0,15.0,25.0,21.25
1052,CLI_0089,2,1,2025-01-02 02:00:00,Cliente_CLI_0089,26,3,1,15109,True,1,80.0,0.0,80.0,80.0
1053,CLI_0060,1,3,2025-01-02 02:30:00,Cliente_CLI_0060,31,0,0,43062,False,2,450.0,10.0,1350.0,1215.0
1054,CLI_0014,0,5,2025-01-02 03:00:00,Cliente_CLI_0014,40,0,3,46062,False,1,120.0,5.0,600.0,570.0
1055,CLI_0009,3,4,2025-01-02 03:30:00,Cliente_CLI_0009,23,2,1,65761,True,0,25.0,15.0,100.0,85.0
1056,CLI_0090,3,2,2025-01-02 04:00:00,Cliente_CLI_0090,19,2,4,39759,True,0,25.0,15.0,50.0,42.5
1057,CLI_0053,3,4,2025-01-02 04:30:00,Cliente_CLI_0053,57,3,4,17314,False,0,25.0,15.0,100.0,85.0
1058,CLI_0002,2,2,2025-01-02 05:00:00,Cliente_CLI_0002,60,2,3,23350,True,1,80.0,0.0,160.0,160.0
1059,CLI_0084,3,5,2025-01-02 05:30:00,Cliente_CLI_0084,42,0,0,78916,False,0,25.0,15.0,125.0,106.25
1060,CLI_0092,3,2,2025-01-02 06:00:00,Cliente_CLI_0092,35,3,4,31804,True,0,25.0,15.0,50.0,42.5
1061,CLI_0060,3,3,2025-01-02 06:30:00,Cliente_CLI_0060,31,0,0,43062,False,0,25.0,15.0,75.0,63.75
1062,CLI_0071,1,3,2025-01-02 07:00:00,Cliente_CLI_0071,46,1,1,17813,True,2,450.0,10.0,1350.0,1215.0
1063,CLI_0044,2,3,2025-01-02 07:30:00,Cliente_CLI_0044,51,1,1,33874,True,1,80.0,0.0,240.0,240.0
1064,CLI_0008,3,3,2025-01-02 08:00:00,Cliente_CLI_0008,38,0,0,77957,False,0,25.0,15.0,75.0,63.75
1065,CLI_0047,0,4,2025-01-02 08:30:00,Cliente_CLI_0047,57,0,0,68762,True,1,120.0,5.0,480.0,456.0
1066,CLI_0035,0,5,2025-01-02 09:00:00,Cliente_CLI_0035,25,2,0,48197,True,1,120.0,5.0,600.0,570.0
1067,CLI_0078,0,2,2025-01-02 09:30:00,Cliente_CLI_0078,61,2,2,43756,True,1,120.0,5.0,240.0,228.0
1068,CLI_0081,2,2,2025-01-02 10:00:00,Cliente_CLI_0081,18,3,2,29982,False,1,80.0,0.0,160.0,160.0
1069,CLI_0036,2,3,2025-01-02 10:30:00,Cliente_CLI_0036,68,0,3,50042,False,1,80.0,0.0,240.0,240.0
1070,CLI_0050,0,3,2025-01-02 11:00:00,Cliente_CLI_0050,35,3,0,19903,True,1,120.0,5.0,360.0,342.0
1071,CLI_0004,3,1,2025-01-02 11:30:00,Cliente_CLI_0004,55,3,2,61474,True,0,25.0,15.0,25.0,21.25
1072,CLI_0002,2,5,2025-01-02 12:00:00,Cliente_CLI_0002,60,2,3,23350,True,1,80.0,0.0,400.0,400.0
1073,CLI_0006,0,4,2025-01-02 12:30:00,Cliente_CLI_0006,34,3,1,67134,False,1,120.0,5.0,480.0,456.0
1074,CLI_0054,0,2,2025-01-02 13:00:00,Cliente_CLI_0054,57,2,1,75082,False,1,120.0,5.0,240.0,228.0
1075,CLI_0004,3,1,2025-01-02 13:30:00,Cliente_CLI_0004,55,3,2,61474,True,0,25.0,15.0,25.0,21.25
1076,CLI_0054,1,1,2025-01-02 14:00:00,Cliente_CLI_0054,57,2,1,75082,False,2,450.0,10.0,450.0,405.0
1077,CLI_0093,2,2,2025-01-02 14:30:00,Cliente_CLI_0093,50,2,1,40087,True,1,80.0,0.0,160.0,160.0
1078,CLI_0063,3,4,2025-01-02 15:00:00,Cliente_CLI_0063,41,0,4,11007,False,0,25.0,15.0,100.0,85.0
1079,CLI_0018,0,1,2025-01-02 15:30:00,Cliente_CLI_0018,20,0,4,12983,False,1,120.0,5.0,120.0,114.0
1080,CLI_0090,0,1,2025-01-02 16:00:00,Cliente_CLI_0090,19,2,4,39759,True,1,120.0,5.0,120.0,114.0
1081,CLI_0044,3,5,2025-01-02 16:30:00,Cliente_CLI_0044,51,1,1,33874,True,0,25.0,15.0,125.0,106.25
1082,CLI_0034,2,4,2025-01-02 17:00:00,Cliente_CLI_0034,51,0,2,72211,True,1,80.0,0.0,320.0,320.0
1083,CLI_0074,1,1,2025-01-02 17:30:00,Cliente_CLI_0074,46,2,1,16540,True,2,450.0,10.0,450.0,405.0
1084,CLI_0062,1,4,2025-01-02 18:00:00,Cliente_CLI_0062,34,2,3,22987,False,2,450.0,10.0,1800.0,1620.0
1085,CLI_0100,0,2,2025-01-02 18:30:00,Cliente_CLI_0100,67,1,3,75641,True,1,120.0,5.0,240.0,228.0
1086,CLI_0014,2,3,2025-01-02 19:00:00,Cliente_CLI_0014,40,0,3,46062,False,1,80.0,0.0,240.0,240.0
1087,CLI_0095,1,1,2025-01-02 19:30:00,Cliente_CLI_0095,63,2,2,58787,True,2,450.0,10.0,450.0,405.0
1088,CLI_0048,2,5,2025-01-02 20:00:00,Cliente_CLI_0048,51,2,2,43742,False,1,80.0,0.0,400.0,400.0
1089,CLI_0015,2,2,2025-01-02 20:30:00,Cliente_CLI_0015,69,1,4,47265,True,1,80.0,0.0,160.0,160.0
1090,CLI_0072,0,4,2025-01-02 21:00:00,Cliente_CLI_0072,32,2,4,37082,False,1,120.0,5.0,480.0,456.0
1091,CLI_0078,1,2,2025-01-02 21:30:00,Cliente_CLI_0078,61,2,2,43756,True,2,450.0,10.0,900.0,810.0
1092,CLI_0087,3,1,2025-01-02 22:00:00,Cliente_CLI_0087,20,2,1,57837,False,0,25.0,15.0,25.0,21.25
1093,CLI_0062,0,4,2025-01-02 22:30:00,Cliente_CLI_0062,34,2,3,22987,False,1,120.0,5.0,480.0,456.0
1094,CLI_0040,1,3,2025-01-02 23:00:00,Cliente_CLI_0040,66,0,4,17657,True,2,450.0,10.0,1350.0,1215.0
1095,CLI_0085,1,2,2025-01-02 23:30:00,Cliente_CLI_0085,32,1,3,40707,True,2,450.0,10.0,900.0,810.0
1096,CLI_0080,1,1,2025-01-03 00:00:00,Cliente_CLI_0080,23,1,1,42196,True,2,450.0,10.0,450.0,405.0
1097,CLI_0082,1,5,2025-01-03 00:30:00,Cliente_CLI_0082,52,2,1,36385,True,2,450.0,10.0,2250.0,2025.0
1098,CLI_0053,1,4,2025-01-03 01:00:00,Cliente_CLI_0053,57,3,4,17314,False,2,450.0,10.0,1800.0,1620.0
1099,CLI_0024,2,2,2025-01-03 01:30:00,Cliente_CLI_0024,49,2,4,49974,False,1,80.0,0.0,160.0,160.0
1100,CLI_0026,0,2,2025-01-03 02:00:00,Cliente_CLI_0026,61,0,2,68606,True,1,120.0,5.0,240.0,228.0
1101,CLI_0089,2,3,2025-01-03 02:30:00,Cliente_CLI_0089,26,3,1,15109,True,1,80.0,0.0,240.0,240.0
1102,CLI_0060,3,3,2025-01-03 03:00:00,Cliente_CLI_0060,31,0,0,43062,False,0,25.0,15.0,75.0,63.75
1103,CLI_0041,1,5,2025-01-03 03:30:00,Cliente_CLI_0041,67,3,1,34578,False,2,450.0,10.0,2250.0,2025.0
1104,CLI_0029,0,5,2025-01-03 04:00:00,Cliente_CLI_0029,20,0,3,65619,False,1,120.0,5.0,600.0,570.0
1105,CLI_0015,1,1,2025-01-03 04:30:00,Cliente_CLI_0015,69,1,4,47265,True,2,450.0,10.0,450.0,405.0
1106,CLI_0045,0,1,2025-01-03 05:00:00,Cliente_CLI_0045,45,0,1,27602,True,1,120.0,5.0,120.0,114.0
1107,CLI_0065,2,5,2025-01-03 05:30:00,Cliente_CLI_0065,45,2,0,15084,False,1,80.0,0.0,400.0,400.0
1108,CLI_0089,0,5,2025-01-03 06:00:00,Cliente_CLI_0089,26,3,1,15109,True,1,120.0,5.0,600.0,570.0
1109,CLI_0071,3,4,2025-01-03 06:30:00,Cliente_CLI_0071,46,1,1,17813,True,0,25.0,15.0,100.0,85.0
1110,CLI_0009,3,3,2025-01-03 07:00:00,Cliente_CLI_0009,23,2,1,65761,True,0,25.0,15.0,75.0,63.75
1111,CLI_0088,0,1,2025-01-03 07:30:00,Cliente_CLI_0088,24,0,2,61027,False,1,120.0,5.0,120.0,114.0
1112,CLI_0001,0,3,2025-01-03 08:00:00,Cliente_CLI_0001,26,2,1,64912,True,1,120.0,5.0,360.0,342.0
1113,CLI_0008,0,3,2025-01-03 08:30:00,Cliente_CLI_0008,38,0,0,77957,False,1,120.0,5.0,360.0,342.0
1114,CLI_0088,0,5,2025-01-03 09:00:00,Cliente_CLI_0088,24,0,2,61027,False,1,120.0,5.0,600.0,570.0
1115,CLI_0063,3,4,2025-01-03 09:30:00,Cliente_CLI_0063,41,0,4,11007,False,0,25.0,15.0,100.0,85.0
1116,CLI_0011,1,2,2025-01-03 10:00:00,Cliente_CLI_0011,33,1,1,22182,False,2,450.0,10.0,900.0,810.0
1117,CLI_0081,0,4,2025-01-03 10:30:00,Cliente_CLI_0081,18,3,2,29982,False,1,120.0,5.0,480.0,456.0
1118,CLI_0008,0,4,2025-01-03 11:00:00,Cliente_CLI_0008,38,0,0,77957,False,1,120.0,5.0,480.0,456.0
1119,CLI_0035,3,3,2025-01-03 11:30:00,Cliente_CLI_0035,25,2,0,48197,True,0,25.0,15.0,75.0,63.75
1120,CLI_0035,3,4,2025-01-03 12:00:00,Cliente_CLI_0035,25,2,0,48197,True,0,25.0,15.0,100.0,85.0
1121,CLI_0033,2,1,2025-01-03 12:30:00,Cliente_CLI_0033,63,2,4,39757,True,1,80.0,0.0,80.0,80.0
1122,CLI_0005,0,3,2025-01-03 13:00:00,Cliente_CLI_0005,61,1,4,16960,True,1,120.0,5.0,360.0,342.0
1123,CLI_0041,2,1,2025-01-03 13:30:00,Cliente_CLI_0041,67,3,1,34578,False,1,80.0,0.0,80.0,80.0
1124,CLI_0028,3,2,2025-01-03 14:00:00,Cliente_CLI_0028,37,0,1,42733,True,0,25.0,15.0,50.0,42.5
1125,CLI_0007,3,3,2025-01-03 14:30:00,Cliente_CLI_0007,33,2,4,81431,True,0,25.0,15.0,75.0,63.75
1126,CLI_0073,1,2,2025-01-03 15:00:00,Cliente_CLI_0073,40,3,3,36029,False,2,450.0,10.0,900.0,810.0
1127,CLI_0072,0,3,2025-01-03 15:30:00,Cliente_CLI_0072,32,2,4,37082,False,1,120.0,5.0,360.0,342.0
1128,CLI_0012,2,5,2025-01-03 16:00:00,Cliente_CLI_0012,38,3,3,54813,True,1,80.0,0.0,400.0,400.0
1129,CLI_0034,3,4,2025-01-03 16:30:00,Cliente_CLI_0034,51,0,2,72211,True,0,25.0,15.0,100.0,85.0
1130,CLI_0033,3,5,2025-01-03 17:00:00,Cliente_CLI_0033,63,2,4,39757,True,0,25.0,15.0,125.0,106.25
1131,CLI_0048,2,2,2025-01-03 17:30:00,Cliente_CLI_0048,51,2,2,43742,False,1,80.0,0.0,160.0,160.0
1132,CLI_0023,1,4,2025-01-03 18:00:00,Cliente_CLI_0023,47,1,0,37788,False,2,450.0,10.0,1800.0,1620.0
1133,CLI_0062,3,3,2025-01-03 18:30:00,Cliente_CLI_0062,34,2,3,22987,False,0,25.0,15.0,75.0,63.75
1134,CLI_0088,0,4,2025-01-03 19:00:00,Cliente_CLI_0088,24,0,2,61027,False,1,120.0,5.0,480.0,456.0
1135,CLI_0037,3,1,2025-01-03 19:30:00,Cliente_CLI_0037,43,0,1,65554,False,0,25.0,15.0,25.0,21.25
1136,CLI_0099,0,4,2025-01-03 20:00:00,Cliente_CLI_0099,56,3,3,60861,False,1,120.0,5.0,480.0,456.0
1137,CLI_0044,2,1,2025-01-03 20:30:00,Cliente_CLI_0044,51,1,1,33874,True,1,80.0,0.0,80.0,80.0
1138,CLI_0086,0,4,2025-01-03 21:00:00,Cliente_CLI_0086,20,0,2,15655,False,1,120.0,5.0,480.0,456.0
1139,CLI_0091,2,1,2025-01-03 21:30:00,Cliente_CLI_0091,34,2,0,36589,False,1,80.0,0.0,80.0,80.0
1140,CLI_0035,0,2,2025-01-03 22:00:00,Cliente_CLI_0035,25,2,0,48197,True,1,120.0,5.0,240.0,228.0
1141,CLI_0065,2,5,2025-01-03 22:30:00,Cliente_CLI_0065,45,2,0,15084,False,1,80.0,0.0,400.0,400.0
1142,CLI_0099,0,3,2025-01-03 23:00:00,Cliente_CLI_0099,56,3,3,60861,False,1,120.0,5.0,360.0,342.0
1143,CLI_0047,1,4,2025-01-03 23:30:00,Cliente_CLI_0047,57,0,0,68762,True,2,450.0,10.0,1800.0,1620.0
1144,CLI_0078,0,5,2025-01-04 00:00:00,Cliente_CLI_0078,61,2,2,43756,True,1,120.0,5.0,600.0,570.0
1145,CLI_0003,0,3,2025-01-04 00:30:00,Cliente_CLI_0003,20,3,0,85186,False,1,120.0,5.0,360.0,342.0
1146,CLI_0001,1,3,2025-01-04 01:00:00,Cliente_CLI_0001,26,2,1,64912,True,2,450.0,10.0,1350.0,1215.0
1147,CLI_0005,3,1,2025-01-04 01:30:00,Cliente_CLI_0005,61,1,4,16960,True,0,25.0,15.0,25.0,21.25
1148,CLI_0090,3,2,2025-01-04 02:00:00,Cliente_CLI_0090,19,2,4,39759,True,0,25.0,15.0,50.0,42.5
1149,CLI_0014,0,2,2025-01-04 02:30:00,Cliente_CLI_0014,40,0,3,46062,False,1,120.0,5.0,240.0,228.0
1150,CLI_0027,1,5,2025-01-04 03:00:00,Cliente_CLI_0027,27,3,1,34574,True,2,450.0,10.0,2250.0,2025.0
1151,CLI_0009,0,2,2025-01-04 03:30:00,Cliente_CLI_0009,23,2,1,65761,True,1,120.0,5.0,240.0,228.0
1152,CLI_0079,2,4,2025-01-04 04:00:00,Cliente_CLI_0079,64,2,0,38602,False,1,80.0,0.0,320.0,320.0
1153,CLI_0015,2,2,2025-01-04 04:30:00,Cliente_CLI_0015,69,1,4,47265,True,1,80.0,0.0,160.0,160.0
1154,CLI_0090,0,5,2025-01-04 05:00:00,Cliente_CLI_0090,19,2,4,39759,True,1,120.0,5.0,600.0,570.0
1155,CLI_0042,3,2,2025-01-04 05:30:00,Cliente_CLI_0042,52,3,0,17287,True,0,25.0,15.0,50.0,42.5
1156,CLI_0077,3,4,2025-01-04 06:00:00,Cliente_CLI_0077,39,1,4,62930,True,0,25.0,15.0,100.0,85.0
1157,CLI_0051,0,1,2025-01-04 06:30:00,Cliente_CLI_0051,45,0,0,55648,False,1,120.0,5.0,120.0,114.0
1158,CLI_0063,0,5,2025-01-04 07:00:00,Cliente_CLI_0063,41,0,4,11007,False,1,120.0,5.0,600.0,570.0
1159,CLI_0096,2,1,2025-01-04 07:30:00,Cliente_CLI_0096,27,2,3,73483,True,1,80.0,0.0,80.0,80.0
1160,CLI_0052,3,1,2025-01-04 08:00:00,Cliente_CLI_0052,57,0,0,29129,True,0,25.0,15.0,25.0,21.25
1161,CLI_0096,0,1,2025-01-04 08:30:00,Cliente_CLI_0096,27,2,3,73483,True,1,120.0,5.0,120.0,114.0
1162,CLI_0004,2,3,2025-01-04 09:00:00,Cliente_CLI_0004,55,3,2,61474,True,1,80.0,0.0,240.0,240.0
1163,CLI_0094,3,3,2025-01-04 09:30:00,Cliente_CLI_0094,39,1,1,53408,False,0,25.0,15.0,75.0,63.75
1164,CLI_0023,1,1,2025-01-04 10:00:00,Cliente_CLI_0023,47,1,0,37788,False,2,450.0,10.0,450.0,405.0
1165,CLI_0015,2,5,2025-01-04 10:30:00,Cliente_CLI_0015,69,1,4,47265,True,1,80.0,0.0,400.0,400.0
1166,CLI_0043,3,4,2025-01-04 11:00:00,Cliente_CLI_0043,64,0,1,44701,True,0,25.0,15.0,100.0,85.0
1167,CLI_0029,3,4,2025-01-04 11:30:00,Cliente_CLI_0029,20,0,3,65619,False,0,25.0,15.0,100.0,85.0
1168,CLI_0036,2,2,2025-01-04 12:00:00,Cliente_CLI_0036,68,0,3,50042,False,1,80.0,0.0,160.0,160.0
1169,CLI_0013,1,5,2025-01-04 12:30:00,Cliente_CLI_0013,24,0,4,83543,False,2,450.0,10.0,2250.0,2025.0
1170,CLI_0032,2,3,2025-01-04 13:00:00,Cliente_CLI_0032,54,1,2,47573,True,1,80.0,0.0,240.0,240.0
1171,CLI_0071,3,1,2025-01-04 13:30:00,Cliente_CLI_0071,46,1,1,17813,True,0,25.0,15.0,25.0,21.25
1172,CLI_0059,0,2,2025-01-04 14:00:00,Cliente_CLI_0059,47,1,3,28787,False,1,120.0,5.0,240.0,228.0
1173,CLI_0086,0,4,2025-01-04 14:30:00,Cliente_CLI_0086,20,0,2,15655,False,1,120.0,5.0,480.0,456.0
1174,CLI_0028,2,3,2025-01-04 15:00:00,Cliente_CLI_0028,37,0,1,42733,True,1,80.0,0.0,240.0,240.0
1175,CLI_0066,3,3,2025-01-04 15:30:00,Cliente_CLI_0066,21,2,2,17491,True,0,25.0,15.0,75.0,63.75
1176,CLI_0042,0,1,2025-01-04 16:00:00,Cliente_CLI_0042,52,3,0,17287,True,1,120.0,5.0,120.0,114.0
1177,CLI_0045,3,4,2025-01-04 16:30:00,Cliente_CLI_0045,45,0,1,27602,True,0,25.0,15.0,100.0,85.0
1178,CLI_0062,2,5,2025-01-04 17:00:00,Cliente_CLI_0062,34,2,3,22987,False,1,80.0,0.0,400.0,400.0
1179,CLI_0057,0,3,2025-01-04 17:30:00,Cliente_CLI_0057,24,0,4,59708,False,1,120.0,5.0,360.0,342.0
1180,CLI_0006,3,1,2025-01-04 18:00:00,Cliente_CLI_0006,34,3,1,67134,False,0,25.0,15.0,25.0,21.25
1181,CLI_0028,0,5,2025-01-04 18:30:00,Cliente_CLI_0028,37,0,1,42733,True,1,120.0,5.0,600.0,570.0
1182,CLI_0028,2,4,2025-01-04 19:00:00,Cliente_CLI_0028,37,0,1,42733,True,1,80.0,0.0,320.0,320.0
1183,CLI_0044,3,3,2025-01-04 19:30:00,Cliente_CLI_0044,51,1,1,33874,True,0,25.0,15.0,75.0,63.75
1184,CLI_0084,0,5,2025-01-04 20:00:00,Cliente_CLI_0084,42,0,0,78916,False,1,120.0,5.0,600.0,570.0
1185,CLI_0030,2,5,2025-01-04 20:30:00,Cliente_CLI_0030,54,0,1,45400,True,1,80.0,0.0,400.0,400.0
1186,CLI_0062,0,5,2025-01-04 21:00:00,Cliente_CLI_0062,34,2,3,22987,False,1,120.0,5.0,600.0,570.0
1187,CLI_0075,0,3,2025-01-04 21:30:00,Cliente_CLI_0075,56,1,0,85932,True,1,120.0,5.0,360.0,342.0
1188,CLI_0092,1,3,2025-01-04 22:00:00,Cliente_CLI_0092,35,3,4,31804,True,2,450.0,10.0,1350.0,1215.0
1189,CLI_0089,1,2,2025-01-04 22:30:00,Cliente_CLI_0089,26,3,1,15109,True,2,450.0,10.0,900.0,810.0
1190,CLI_0062,2,4,2025-01-04 23:00:00,Cliente_CLI_0062,34,2,3,22987,False,1,80.0,0.0,320.0,320.0
1191,CLI_0097,1,1,2025-01-04 23:30:00,Cliente_CLI_0097,19,0,1,55004,False,2,450.0,10.0,450.0,405.0
1192,CLI_0001,2,5,2025-01-05 00:00:00,Cliente_CLI_0001,26,2,1,64912,True,1,80.0,0.0,400.0,400.0
1193,CLI_0027,1,2,2025-01-05 00:30:00,Cliente_CLI_0027,27,3,1,34574,True,2,450.0,10.0,900.0,810.0
1194,CLI_0062,0,1,2025-01-05 01:00:00,Cliente_CLI_0062,34,2,3,22987,False,1,120.0,5.0,120.0,114.0
1195,CLI_0077,2,2,2025-01-05 01:30:00,Cliente_CLI_0077,39,1,4,62930,True,1,80.0,0.0,160.0,160.0
1196,CLI_0003,2,3,2025-01-05 02:00:00,Cliente_CLI_0003,20,3,0,85186,False,1,80.0,0.0,240.0,240.0
1197,CLI_0070,0,5,2025-01-05 02:30:00,Cliente_CLI_0070,52,2,0,37083,True,1,120.0,5.0,600.0,570.0
1198,CLI_0072,2,1,2025-01-05 03:00:00,Cliente_CLI_0072,32,2,4,37082,False,1,80.0,0.0,80.0,80.0
1199,CLI_0027,2,1,2025-01-05 03:30:00,Cliente_CLI_0027,27,3,1,34574,True,1,80.0,0.0,80.0,80.0
1200,CLI_0009,1,1,2025-01-05 04:00:00,Cliente_CLI_0009,23,2,1,65761,True,2,450.0,10.0,450.0,405.0
1201,CLI_0062,2,1,2025-01-05 04:30:00,Cliente_CLI_0062,34,2,3,22987,False,1,80.0,0.0,80.0,80.0
1202,CLI_0037,3,1,2025-01-05 05:00:00,Cliente_CLI_0037,43,0,1,65554,False,0,25.0,15.0,25.0,21.25
1203,CLI_0097,0,2,2025-01-05 05:30:00,Cliente_CLI_0097,19,0,1,55004,False,1,120.0,5.0,240.0,228.0
1204,CLI_0051,1,5,2025-01-05 06:00:00,Cliente_CLI_0051,45,0,0,55648,False,2,450.0,10.0,2250.0,2025.0
1205,CLI_0044,1,3,2025-01-05 06:30:00,Cliente_CLI_0044,51,1,1,33874,True,2,450.0,10.0,1350.0,1215.0
1206,CLI_0024,3,3,2025-01-05 07:00:00,Cliente_CLI_0024,49,2,4,49974,False,0,25.0,15.0,75.0,63.75
1207,CLI_0079,0,3,2025-01-05 07:30:00,Cliente_CLI_0079,64,2,0,38602,False,1,120.0,5.0,360.0,342.0
1208,CLI_0059,0,3,2025-01-05 08:00:00,Cliente_CLI_0059,47,1,3,28787,False,1,120.0,5.0,360.0,342.0
1209,CLI_0032,1,2,2025-01-05 08:30:00,Cliente_CLI_0032,54,1,2,47573,True,2,450.0,10.0,900.0,810.0
1210,CLI_0096,2,4,2025-01-05 09:00:00,Cliente_CLI_0096,27,2,3,73483,True,1,80.0,0.0,320.0,320.0
1211,CLI_0088,1,5,2025-01-05 09:30:00,Cliente_CLI_0088,24,0,2,61027,False,2,450.0,10.0,2250.0,2025.0
1212,CLI_0052,0,1,2025-01-05 10:00:00,Cliente_CLI_0052,57,0,0,29129,True,1,120.0,5.0,120.0,114.0
1213,CLI_0062,3,4,2025-01-05 10:30:00,Cliente_CLI_0062,34,2,3,22987,False,0,25.0,15.0,100.0,85.0
1214,CLI_0058,1,3,2025-01-05 11:00:00,Cliente_CLI_0058,68,1,3,12719,True,2,450.0,10.0,1350.0,1215.0
1215,CLI_0052,0,4,2025-01-05 11:30:00,Cliente_CLI_0052,57,0,0,29129,True,1,120.0,5.0,480.0,456.0
1216,CLI_0012,1,5,2025-01-05 12:00:00,Cliente_CLI_0012,38,3,3,54813,True,2,450.0,10.0,2250.0,2025.0
1217,CLI_0039,2,1,2025-01-05 12:30:00,Cliente_CLI_0039,40,0,1,86898,False,1,80.0,0.0,80.0,80.0
1218,CLI_0002,1,1,2025-01-05 13:00:00,Cliente_CLI_0002,60,2,3,23350,True,2,450.0,10.0,450.0,405.0
1219,CLI_0003,1,5,2025-01-05 13:30:00,Cliente_CLI_0003,20,3,0,85186,False,2,450.0,10.0,2250.0,2025.0
1220,CLI_0056,0,5,2025-01-05 14:00:00,Cliente_CLI_0056,59,2,4,12469,False,1,120.0,5.0,600.0,570.0
1221,CLI_0081,0,3,2025-01-05 14:30:00,Cliente_CLI_0081,18,3,2,29982,False,1,120.0,5.0,360.0,342.0
1222,CLI_0059,0,1,2025-01-05 15:00:00,Cliente_CLI_0059,47,1,3,28787,False,1,120.0,5.0,120.0,114.0
1223,CLI_0002,1,4,2025-01-05 15:30:00,Cliente_CLI_0002,60,2,3,23350,True,2,450.0,10.0,1800.0,1620.0
1224,CLI_0002,2,2,2025-01-05 16:00:00,Cliente_CLI_0002,60,2,3,23350,True,1,80.0,0.0,160.0,160.0
1225,CLI_0092,3,2,2025-01-05 16:30:00,Cliente_CLI_0092,35,3,4,31804,True,0,25.0,15.0,50.0,42.5
1226,CLI_0054,3,5,2025-01-05 17:00:00,Cliente_CLI_0054,57,2,1,75082,False,0,25.0,15.0,125.0,106.25
1227,CLI_0087,0,3,2025-01-05 17:30:00,Cliente_CLI_0087,20,2,1,57837,False,1,120.0,5.0,360.0,342.0
1228,CLI_0096,0,2,2025-01-05 18:00:00,Cliente_CLI_0096,27,2,3,73483,True,1,120.0,5.0,240.0,228.0
1229,CLI_0097,1,1,2025-01-05 18:30:00,Cliente_CLI_0097,19,0,1,55004,False,2,450.0,10.0,450.0,405.0
1230,CLI_0001,3,5,2025-01-05 19:00:00,Cliente_CLI_0001,26,2,1,64912,True,0,25.0,15.0,125.0,106.25
1231,CLI_0019,0,4,2025-01-05 19:30:00,Cliente_CLI_0019,40,2,1,54547,True,1,120.0,5.0,480.0,456.0
1232,CLI_0002,2,5,2025-01-05 20:00:00,Cliente_CLI_0002,60,2,3,23350,True,1,80.0,0.0,400.0,400.0
1233,CLI_0053,2,4,2025-01-05 20:30:00,Cliente_CLI_0053,57,3,4,17314,False,1,80.0,0.0,320.0,320.0
1234,CLI_0044,0,5,2025-01-05 21:00:00,Cliente_CLI_0044,51,1,1,33874,True,1,120.0,5.0,600.0,570.0
1235,CLI_0090,0,5,2025-01-05 21:30:00,Cliente_CLI_0090,19,2,4,39759,True,1,120.0,5.0,600.0,570.0
1236,CLI_0032,3,5,2025-01-05 22:00:00,Cliente_CLI_0032,54,1,2,47573,True,0,25.0,15.0,125.0,106.25
1237,CLI_0070,3,4,2025-01-05 22:30:00,Cliente_CLI_0070,52,2,0,37083,True,0,25.0,15.0,100.0,85.0
1238,CLI_0032,1,4,2025-01-05 23:00:00,Cliente_CLI_0032,54,1,2,47573,True,2,450.0,10.0,1800.0,1620.0
1239,CLI_0068,3,5,2025-01-05 23:30:00,Cliente_CLI_0068,18,3,3,86919,True,0,25.0,15.0,125.0,106.25
1240,CLI_0055,2,2,2025-01-06 00:00:00,Cliente_CLI_0055,58,0,4,61756,True,1,80.0,0.0,160.0,160.0
1241,CLI_0075,2,3,2025-01-06 00:30:00,Cliente_CLI_0075,56,1,0,85932,True,1,80.0,0.0,240.0,240.0
1242,CLI_0056,0,3,2025-01-06 01:00:00,Cliente_CLI_0056,59,2,4,12469,False,1,120.0,5.0,360.0,342.0
1243,CLI_0017,3,3,2025-01-06 01:30:00,Cliente_CLI_0017,52,2,2,67132,False,0,25.0,15.0,75.0,63.75
1244,CLI_0038,1,4,2025-01-06 02:00:00,Cliente_CLI_0038,23,0,0,83781,True,2,450.0,10.0,1800.0,1620.0
1245,CLI_0024,2,4,2025-01-06 02:30:00,Cliente_CLI_0024,49,2,4,49974,False,1,80.0,0.0,320.0,320.0
1246,CLI_0069,2,2,2025-01-06 03:00:00,Cliente_CLI_0069,35,3,0,31195,False,1,80.0,0.0,160.0,160.0
1247,CLI_0098,1,3,2025-01-06 03:30:00,Cliente_CLI_0098,50,0,2,66985,False,2,450.0,10.0,1350.0,1215.0
1248,CLI_0070,1,3,2025-01-06 04:00:00,Cliente_CLI_0070,52,2,0,37083,True,2,450.0,10.0,1350.0,1215.0
1249,CLI_0086,2,5,2025-01-06 04:30:00,Cliente_CLI_0086,20,0,2,15655,False,1,80.0,0.0,400.0,400.0
1250,CLI_0011,2,4,2025-01-06 05:00:00,Cliente_CLI_0011,33,1,1,22182,False,1,80.0,0.0,320.0,320.0
1251,CLI_0016,1,3,2025-01-06 05:30:00,Cliente_CLI_0016,59,1,1,84910,False,2,450.0,10.0,1350.0,1215.0
1252,CLI_0097,2,2,2025-01-06 06:00:00,Cliente_CLI_0097,19,0,1,55004,False,1,80.0,0.0,160.0,160.0
1253,CLI_0073,0,2,2025-01-06 06:30:00,Cliente_CLI_0073,40,3,3,36029,False,1,120.0,5.0,240.0,228.0
1254,CLI_0059,0,3,2025-01-06 07:00:00,Cliente_CLI_0059,47,1,3,28787,False,1,120.0,5.0,360.0,342.0
1255,CLI_0070,1,4,2025-01-06 07:30:00,Cliente_CLI_0070,52,2,0,37083,True,2,450.0,10.0,1800.0,1620.0
1256,CLI_0080,3,2,2025-01-06 08:00:00,Cliente_CLI_0080,23,1,1,42196,True,0,25.0,15.0,50.0,42.5
1257,CLI_0093,1,5,2025-01-06 08:30:00,Cliente_CLI_0093,50,2,1,40087,True,2,450.0,10.0,2250.0,2025.0
1258,CLI_0003,1,2,2025-01-06 09:00:00,Cliente_CLI_0003,20,3,0,85186,False,2,450.0,10.0,900.0,810.0
1259,CLI_0020,3,1,2025-01-06 09:30:00,Cliente_CLI_0020,39,0,0,37345,True,0,25.0,15.0,25.0,21.25
1260,CLI_0059,3,1,2025-01-06 10:00:00,Cliente_CLI_0059,47,1,3,28787,False,0,25.0,15.0,25.0,21.25
1261,CLI_0036,3,4,2025-01-06 10:30:00,Cliente_CLI_0036,68,0,3,50042,False,0,25.0,15.0,100.0,85.0
1262,CLI_0019,0,3,2025-01-06 11:00:00,Cliente_CLI_0019,40,2,1,54547,True,1,120.0,5.0,360.0,342.0
1263,CLI_0090,2,4,2025-01-06 11:30:00,Cliente_CLI_0090,19,2,4,39759,True,1,80.0,0.0,320.0,320.0
1264,CLI_0067,0,4,2025-01-06 12:00:00,Cliente_CLI_0067,34,2,1,83609,False,1,120.0,5.0,480.0,456.0
1265,CLI_0019,2,4,2025-01-06 12:30:00,Cliente_CLI_0019,40,2,1,54547,True,1,80.0,0.0,320.0,320.0
1266,CLI_0020,0,4,2025-01-06 13:00:00,Cliente_CLI_0020,39,0,0,37345,True,1,120.0,5.0,480.0,456.0
1267,CLI_0096,2,5,2025-01-06 13:30:00,Cliente_CLI_0096,27,2,3,73483,True,1,80.0,0.0,400.0,400.0
1268,CLI_0071,0,5,2025-01-06 14:00:00,Cliente_CLI_0071,46,1,1,17813,True,1,120.0,5.0,600.0,570.0
1269,CLI_0052,3,2,2025-01-06 14:30:00,Cliente_CLI_0052,57,0,0,29129,True,0,25.0,15.0,50.0,42.5
1270,CLI_0033,1,1,2025-01-06 15:00:00,Cliente_CLI_0033,63,2,4,39757,True,2,450.0,10.0,450.0,405.0
1271,CLI_0040,0,4,2025-01-06 15:30:00,Cliente_CLI_0040,66,0,4,17657,True,1,120.0,5.0,480.0,456.0
1272,CLI_0039,2,2,2025-01-06 16:00:00,Cliente_CLI_0039,40,0,1,86898,False,1,80.0,0.0,160.0,160.0
1273,CLI_0082,3,1,2025-01-06 16:30:00,Cliente_CLI_0082,52,2,1,36385,True,0,25.0,15.0,25.0,21.25
1274,CLI_0001,0,3,2025-01-06 17:00:00,Cliente_CLI_0001,26,2,1,64912,True,1,120.0,5.0,360.0,342.0
1275,CLI_0011,0,5,2025-01-06 17:30:00,Cliente_CLI_0011,33,1,1,22182,False,1,120.0,5.0,600.0,570.0
1276,CLI_0092,3,1,2025-01-06 18:00:00,Cliente_CLI_0092,35,3,4,31804,True,0,25.0,15.0,25.0,21.25
1277,CLI_0057,0,3,2025-01-06 18:30:00,Cliente_CLI_0057,24,0,4,59708,False,1,120.0,5.0,360.0,342.0
1278,CLI_0089,1,1,2025-01-06 19:00:00,Cliente_CLI_0089,26,3,1,15109,True,2,450.0,10.0,450.0,405.0
1279,CLI_0050,0,5,2025-01-06 19:30:00,Cliente_CLI_0050,35,3,0,19903,True,1,120.0,5.0,600.0,570.0
1280,CLI_0023,1,5,2025-01-06 20:00:00,Cliente_CLI_0023,47,1,0,37788,False,2,450.0,10.0,2250.0,2025.0
1281,CLI_0031,1,2,2025-01-06 20:30:00,Cliente_CLI_0031,66,0,2,53001,True,2,450.0,10.0,900.0,810.0
1282,CLI_0094,3,4,2025-01-06 21:00:00,Cliente_CLI_0094,39,1,1,53408,False,0,25.0,15.0,100.0,85.0
1283,CLI_0042,0,1,2025-01-06 21:30:00,Cliente_CLI_0042,52,3,0,17287,True,1,120.0,5.0,120.0,114.0
1284,CLI_0099,3,1,2025-01-06 22:00:00,Cliente_CLI_0099,56,3,3,60861,False,0,25.0,15.0,25.0,21.25
1285,CLI_0007,0,3,2025-01-06 22:30:00,Cliente_CLI_0007,33,2,4,81431,True,1,120.0,5.0,360.0,342.0
1286,CLI_0016,0,5,2025-01-06 23:00:00,Cliente_CLI_0016,59,1,1,84910,False,1,120.0,5.0,600.0,570.0
1287,CLI_0090,2,1,2025-01-06 23:30:00,Cliente_CLI_0090,19,2,4,39759,True,1,80.0,0.0,80.0,80.0
1288,CLI_0060,0,5,2025-01-07 00:00:00,Cliente_CLI_0060,31,0,0,43062,False,1,120.0,5.0,600.0,570.0
1289,CLI_0002,3,1,2025-01-07 00:30:00,Cliente_CLI_0002,60,2,3,23350,True,0,25.0,15.0,25.0,21.25
1290,CLI_0001,1,2,2025-01-07 01:00:00,Cliente_CLI_0001,26,2,1,64912,True,2,450.0,10.0,900.0,810.0
1291,CLI_0048,0,4,2025-01-07 01:30:00,Cliente_CLI_0048,51,2,2,43742,False,1,120.0,5.0,480.0,456.0
1292,CLI_0012,2,1,2025-01-07 02:00:00,Cliente_CLI_0012,38,3,3,54813,True,1,80.0,0.0,80.0,80.0
1293,CLI_0069,3,5,2025-01-07 02:30:00,Cliente_CLI_0069,35,3,0,31195,False,0,25.0,15.0,125.0,106.25
1294,CLI_0037,0,2,2025-01-07 03:00:00,Cliente_CLI_0037,43,0,1,65554,False,1,120.0,5.0,240.0,228.0
1295,CLI_0032,3,1,2025-01-07 03:30:00,Cliente_CLI_0032,54,1,2,47573,True,0,25.0,15.0,25.0,21.25
1296,CLI_0009,2,3,2025-01-07 04:00:00,Cliente_CLI_0009,23,2,1,65761,True,1,80.0,0.0,240.0,240.0
1297,CLI_0099,2,4,2025-01-07 04:30:00,Cliente_CLI_0099,56,3,3,60861,False,1,80.0,0.0,320.0,320.0
1298,CLI_0019,3,1,2025-01-07 05:00:00,Cliente_CLI_0019,40,2,1,54547,True,0,25.0,15.0,25.0,21.25
1299,CLI_0048,0,2,2025-01-07 05:30:00,Cliente_CLI_0048,51,2,2,43742,False,1,120.0,5.0,240.0,228.0
1300,CLI_0080,1,3,2025-01-07 06:00:00,Cliente_CLI_0080,23,1,1,42196,True,2,450.0,10.0,1350.0,1215.0
1301,CLI_0003,2,2,2025-01-07 06:30:00,Cliente_CLI_0003,20,3,0,85186,False,1,80.0,0.0,160.0,160.0
1302,CLI_0020,0,2,2025-01-07 07:00:00,Cliente_CLI_0020,39,0,0,37345,True,1,120.0,5.0,240.0,228.0
1303,CLI_0024,0,3,2025-01-07 07:30:00,Cliente_CLI_0024,49,2,4,49974,False,1,120.0,5.0,360.0,342.0
1304,CLI_0054,1,2,2025-01-07 08:00:00,Cliente_CLI_0054,57,2,1,75082,False,2,450.0,10.0,900.0,810.0
1305,CLI_0033,2,3,2025-01-07 08:30:00,Cliente_CLI_0033,63,2,4,39757,True,1,80.0,0.0,240.0,240.0
1306,CLI_0024,2,1,2025-01-07 09:00:00,Cliente_CLI_0024,49,2,4,49974,False,1,80.0,0.0,80.0,80.0
1307,CLI_0075,0,3,2025-01-07 09:30:00,Cliente_CLI_0075,56,1,0,85932,True,1,120.0,5.0,360.0,342.0
1308,CLI_0072,0,3,2025-01-07 10:00:00,Cliente_CLI_0072,32,2,4,37082,False,1,120.0,5.0,360.0,342.0
1309,CLI_0036,1,4,2025-01-07 10:30:00,Cliente_CLI_0036,68,0,3,50042,False,2,450.0,10.0,1800.0,1620.0
1310,CLI_0038,1,3,2025-01-07 11:00:00,Cliente_CLI_0038,23,0,0,83781,True,2,450.0,10.0,1350.0,1215.0
1311,CLI_0084,2,3,2025-01-07 11:30:00,Cliente_CLI_0084,42,0,0,78916,False,1,80.0,0.0,240.0,240.0
1312,CLI_0099,3,1,2025-01-07 12:00:00,Cliente_CLI_0099,56,3,3,60861,False,0,25.0,15.0,25.0,21.25
1313,CLI_0089,2,4,2025-01-07 12:30:00,Cliente_CLI_0089,26,3,1,15109,True,1,80.0,0.0,320.0,320.0
1314,CLI_0099,0,5,2025-01-07 13:00:00,Cliente_CLI_0099,56,3,3,60861,False,1,120.0,5.0,600.0,570.0
1315,CLI_0025,2,1,2025-01-07 13:30:00,Cliente_CLI_0025,69,0,1,71916,False,1,80.0,0.0,80.0,80.0
1316,CLI_0093,3,1,2025-01-07 14:00:00,Cliente_CLI_0093,50,2,1,40087,True,0,25.0,15.0,25.0,21.25
1317,CLI_0018,1,5,2025-01-07 14:30:00,Cliente_CLI_0018,20,0,4,12983,False,2,450.0,10.0,2250.0,2025.0
1318,CLI_0082,3,3,2025-01-07 15:00:00,Cliente_CLI_0082,52,2,1,36385,True,0,25.0,15.0,75.0,63.75
1319,CLI_0066,3,2,2025-01-07 15:30:00,Cliente_CLI_0066,21,2,2,17491,True,0,25.0,15.0,50.0,42.5
1320,CLI_0054,3,4,2025-01-07 16:00:00,Cliente_CLI_0054,57,2,1,75082,False,0,25.0,15.0,100.0,85.0
1321,CLI_0035,1,2,2025-01-07 16:30:00,Cliente_CLI_0035,25,2,0,48197,True,2,450.0,10.0,900.0,810.0
1322,CLI_0080,3,5,2025-01-07 17:00:00,Cliente_CLI_0080,23,1,1,42196,True,0,25.0,15.0,125.0,106.25
1323,CLI_0061,3,1,2025-01-07 17:30:00,Cliente_CLI_0061,49,0,4,76672,True,0,25.0,15.0,25.0,21.25
1324,CLI_0041,3,1,2025-01-07 18:00:00,Cliente_CLI_0041,67,3,1,34578,False,0,25.0,15.0,25.0,21.25
1325,CLI_0100,0,4,2025-01-07 18:30:00,Cliente_CLI_0100,67,1,3,75641,True,1,120.0,5.0,480.0,456.0
1326,CLI_0033,3,1,2025-01-07 19:00:00,Cliente_CLI_0033,63,2,4,39757,True,0,25.0,15.0,25.0,21.25
1327,CLI_0068,1,1,2025-01-07 19:30:00,Cliente_CLI_0068,18,3,3,86919,True,2,450.0,10.0,450.0,405.0
1328,CLI_0033,3,4,2025-01-07 20:00:00,Cliente_CLI_0033,63,2,4,39757,True,0,25.0,15.0,100.0,85.0
1329,CLI_0014,3,4,2025-01-07 20:30:00,Cliente_CLI_0014,40,0,3,46062,False,0,25.0,15.0,100.0,85.0
1330,CLI_0021,1,5,2025-01-07 21:00:00,Cliente_CLI_0021,33,0,3,84859,False,2,450.0,10.0,2250.0,2025.0
1331,CLI_0048,3,1,2025-01-07 21:30:00,Cliente_CLI_0048,51,2,2,43742,False,0,25.0,15.0,25.0,21.25
1332,CLI_0020,1,1,2025-01-07 22:00:00,Cliente_CLI_0020,39,0,0,37345,True,2,450.0,10.0,450.0,405.0
1333,CLI_0008,3,5,2025-01-07 22:30:00,Cliente_CLI_0008,38,0,0,77957,False,0,25.0,15.0,125.0,106.25
1334,CLI_0007,1,3,2025-01-07 23:00:00,Cliente_CLI_0007,33,2,4,81431,True,2,450.0,10.0,1350.0,1215.0
1335,CLI_0067,3,3,2025-01-07 23:30:00,Cliente_CLI_0067,34,2,1,83609,False,0,25.0,15.0,75.0,63.75
1336,CLI_0017,3,3,2025-01-08 00:00:00,Cliente_CLI_0017,52,2,2,67132,False,0,25.0,15.0,75.0,63.75
1337,CLI_0033,0,5,2025-01-08 00:30:00,Cliente_CLI_0033,63,2,4,39757,True,1,120.0,5.0,600.0,570.0
1338,CLI_0048,0,1,2025-01-08 01:00:00,Cliente_CLI_0048,51,2,2,43742,False,1,120.0,5.0,120.0,114.0
1339,CLI_0076,3,5,2025-01-08 01:30:00,Cliente_CLI_0076,69,2,3,88797,False,0,25.0,15.0,125.0,106.25
1340,CLI_0059,3,5,2025-01-08 02:00:00,Cliente_CLI_0059,47,1,3,28787,False,0,25.0,15.0,125.0,106.25
1341,CLI_0086,2,3,2025-01-08 02:30:00,Cliente_CLI_0086,20,0,2,15655,False,1,80.0,0.0,240.0,240.0
1342,CLI_0022,1,2,2025-01-08 03:00:00,Cliente_CLI_0022,19,1,4,62393,False,2,450.0,10.0,900.0,810.0
1343,CLI_0030,2,1,2025-01-08 03:30:00,Cliente_CLI_0030,54,0,1,45400,True,1,80.0,0.0,80.0,80.0
1344,CLI_0038,0,3,2025-01-08 04:00:00,Cliente_CLI_0038,23,0,0,83781,True,1,120.0,5.0,360.0,342.0
1345,CLI_0051,0,2,2025-01-08 04:30:00,Cliente_CLI_0051,45,0,0,55648,False,1,120.0,5.0,240.0,228.0
1346,CLI_0054,0,2,2025-01-08 05:00:00,Cliente_CLI_0054,57,2,1,75082,False,1,120.0,5.0,240.0,228.0
1347,CLI_0008,0,4,2025-01-08 05:30:00,Cliente_CLI_0008,38,0,0,77957,False,1,120.0,5.0,480.0,456.0
1348,CLI_0027,3,1,2025-01-08 06:00:00,Cliente_CLI_0027,27,3,1,34574,True,0,25.0,15.0,25.0,21.25
1349,CLI_0027,0,2,2025-01-08 06:30:00,Cliente_CLI_0027,27,3,1,34574,True,1,120.0,5.0,240.0,228.0
1350,CLI_0098,3,3,2025-01-08 07:00:00,Cliente_CLI_0098,50,0,2,66985,False,0,25.0,15.0,75.0,63.75
1351,CLI_0021,3,4,2025-01-08 07:30:00,Cliente_CLI_0021,33,0,3,84859,False,0,25.0,15.0,100.0,85.0
1352,CLI_0030,0,1,2025-01-08 08:00:00,Cliente_CLI_0030,54,0,1,45400,True,1,120.0,5.0,120.0,114.0
1353,CLI_0097,0,5,2025-01-08 08:30:00,Cliente_CLI_0097,19,0,1,55004,False,1,120.0,5.0,600.0,570.0
1354,CLI_0028,1,3,2025-01-08 09:00:00,Cliente_CLI_0028,37,0,1,42733,True,2,450.0,10.0,1350.0,1215.0
1355,CLI_0064,2,2,2025-01-08 09:30:00,Cliente_CLI_0064,36,3,3,52207,False,1,80.0,0.0,160.0,160.0
1356,CLI_0097,0,2,2025-01-08 10:00:00,Cliente_CLI_0097,19,0,1,55004,False,1,120.0,5.0,240.0,228.0
1357,CLI_0069,1,3,2025-01-08 10:30:00,Cliente_CLI_0069,35,3,0,31195,False,2,450.0,10.0,1350.0,1215.0
1358,CLI_0061,1,2,2025-01-08 11:00:00,Cliente_CLI_0061,49,0,4,76672,True,2,450.0,10.0,900.0,810.0
1359,CLI_0048,2,4,2025-01-08 11:30:00,Cliente_CLI_0048,51,2,2,43742,False,1,80.0,0.0,320.0,320.0
1360,CLI_0019,3,1,2025-01-08 12:00:00,Cliente_CLI_0019,40,2,1,54547,True,0,25.0,15.0,25.0,21.25
1361,CLI_0004,0,4,2025-01-08 12:30:00,Cliente_CLI_0004,55,3,2,61474,True,1,120.0,5.0,480.0,456.0
1362,CLI_0035,2,2,2025-01-08 13:00:00,Cliente_CLI_0035,25,2,0,48197,True,1,80.0,0.0,160.0,160.0
1363,CLI_0064,0,5,2025-01-08 13:30:00,Cliente_CLI_0064,36,3,3,52207,False,1,120.0,5.0,600.0,570.0
1364,CLI_0049,1,1,2025-01-08 14:00:00,Cliente_CLI_0049,25,1,0,80831,False,2,450.0,10.0,450.0,405.0
1365,CLI_0017,1,1,2025-01-08 14:30:00,Cliente_CLI_0017,52,2,2,67132,False,2,450.0,10.0,450.0,405.0
1366,CLI_0044,3,3,2025-01-08 15:00:00,Cliente_CLI_0044,51,1,1,33874,True,0,25.0,15.0,75.0,63.75
1367,CLI_0092,1,3,2025-01-08 15:30:00,Cliente_CLI_0092,35,3,4,31804,True,2,450.0,10.0,1350.0,1215.0
1368,CLI_0030,1,5,2025-01-08 16:00:00,Cliente_CLI_0030,54,0,1,45400,True,2,450.0,10.0,2250.0,2025.0
1369,CLI_0093,2,1,2025-01-08 16:30:00,Cliente_CLI_0093,50,2,1,40087,True,1,80.0,0.0,80.0,80.0
1370,CLI_0046,0,5,2025-01-08 17:00:00,Cliente_CLI_0046,51,2,3,39192,True,1,120.0,5.0,600.0,570.0
1371,CLI_0006,0,3,2025-01-08 17:30:00,Cliente_CLI_0006,34,3,1,67134,False,1,120.0,5.0,360.0,342.0
1372,CLI_0099,2,3,2025-01-08 18:00:00,Cliente_CLI_0099,56,3,3,60861,False,1,80.0,0.0,240.0,240.0
1373,CLI_0037,3,1,2025-01-08 18:30:00,Cliente_CLI_0037,43,0,1,65554,False,0,25.0,15.0,25.0,21.25
1374,CLI_0024,0,4,2025-01-08 19:00:00,Cliente_CLI_0024,49,2,4,49974,False,1,120.0,5.0,480.0,456.0
1375,CLI_0093,1,2,2025-01-08 19:30:00,Cliente_CLI_0093,50,2,1,40087,True,2,450.0,10.0,900.0,810.0
1376,CLI_0046,0,3,2025-01-08 20:00:00,Cliente_CLI_0046,51,2,3,39192,True,1,120.0,5.0,360.0,342.0
1377,CLI_0053,1,3,2025-01-08 20:30:00,Cliente_CLI_0053,57,3,4,17314,False,2,450.0,10.0,1350.0,1215.0
1378,CLI_0095,3,4,2025-01-08 21:00:00,Cliente_CLI_0095,63,2,2,58787,True,0,25.0,15.0,100.0,85.0
1379,CLI_0099,2,4,2025-01-08 21:30:00,Cliente_CLI_0099,56,3,3,60861,False,1,80.0,0.0,320.0,320.0
1380,CLI_0060,0,5,2025-01-08 22:00:00,Cliente_CLI_0060,31,0,0,43062,False,1,120.0,5.0,600.0,570.0
1381,CLI_0097,2,5,2025-01-08 22:30:00,Cliente_CLI_0097,19,0,1,55004,False,1,80.0,0.0,400.0,400.0
1382,CLI_0063,0,2,2025-01-08 23:00:00,Cliente_CLI_0063,41,0,4,11007,False,1,120.0,5.0,240.0,228.0
1383,CLI_0085,1,2,2025-01-08 23:30:00,Cliente_CLI_0085,32,1,3,40707,True,2,450.0,10.0,900.0,810.0
1384,CLI_0032,2,1,2025-01-09 00:00:00,Cliente_CLI_0032,54,1,2,47573,True,1,80.0,0.0,80.0,80.0
1385,CLI_0087,0,5,2025-01-09 00:30:00,Cliente_CLI_0087,20,2,1,57837,False,1,120.0,5.0,600.0,570.0
1386,CLI_0033,1,3,2025-01-09 01:00:00,Cliente_CLI_0033,63,2,4,39757,True,2,450.0,10.0,1350.0,1215.0
1387,CLI_0067,2,5,2025-01-09 01:30:00,Cliente_CLI_0067,34,2,1,83609,False,1,80.0,0.0,400.0,400.0
1388,CLI_0018,2,3,2025-01-09 02:00:00,Cliente_CLI_0018,20,0,4,12983,False,1,80.0,0.0,240.0,240.0
1389,CLI_0025,0,4,2025-01-09 02:30:00,Cliente_CLI_0025,69,0,1,71916,False,1,120.0,5.0,480.0,456.0
1390,CLI_0095,0,5,2025-01-09 03:00:00,Cliente_CLI_0095,63,2,2,58787,True,1,120.0,5.0,600.0,570.0
1391,CLI_0054,0,4,2025-01-09 03:30:00,Cliente_CLI_0054,57,2,1,75082,False,1,120.0,5.0,480.0,456.0
1392,CLI_0058,1,2,2025-01-09 04:00:00,Cliente_CLI_0058,68,1,3,12719,True,2,450.0,10.0,900.0,810.0
1393,CLI_0067,0,2,2025-01-09 04:30:00,Cliente_CLI_0067,34,2,1,83609,False,1,120.0,5.0,240.0,228.0
1394,CLI_0046,2,1,2025-01-09 05:00:00,Cliente_CLI_0046,51,2,3,39192,True,1,80.0,0.0,80.0,80.0
1395,CLI_0024,2,5,2025-01-09 05:30:00,Cliente_CLI_0024,49,2,4,49974,False,1,80.0,0.0,400.0,400.0
1396,CLI_0032,0,4,2025-01-09 06:00:00,Cliente_CLI_0032,54,1,2,47573,True,1,120.0,5.0,480.0,456.0
1397,CLI_0047,0,3,2025-01-09 06:30:00,Cliente_CLI_0047,57,0,0,68762,True,1,120.0,5.0,360.0,342.0
1398,CLI_0086,3,2,2025-01-09 07:00:00,Cliente_CLI_0086,20,0,2,15655,False,0,25.0,15.0,50.0,42.5
1399,CLI_0023,2,2,2025-01-09 07:30:00,Cliente_CLI_0023,47,1,0,37788,False,1,80.0,0.0,160.0,160.0
1400,CLI_0066,1,3,2025-01-09 08:00:00,Cliente_CLI_0066,21,2,2,17491,True,2,450.0,10.0,1350.0,1215.0
1401,CLI_0027,3,4,2025-01-09 08:30:00,Cliente_CLI_0027,27,3,1,34574,True,0,25.0,15.0,100.0,85.0
1402,CLI_0002,0,4,2025-01-09 09:00:00,Cliente_CLI_0002,60,2,3,23350,True,1,120.0,5.0,480.0,456.0
1403,CLI_0090,0,5,2025-01-09 09:30:00,Cliente_CLI_0090,19,2,4,39759,True,1,120.0,5.0,600.0,570.0
1404,CLI_0017,2,5,2025-01-09 10:00:00,Cliente_CLI_0017,52,2,2,67132,False,1,80.0,0.0,400.0,400.0
1405,CLI_0033,0,1,2025-01-09 10:30:00,Cliente_CLI_0033,63,2,4,39757,True,1,120.0,5.0,120.0,114.0
1406,CLI_0009,1,2,2025-01-09 11:00:00,Cliente_CLI_0009,23,2,1,65761,True,2,450.0,10.0,900.0,810.0
1407,CLI_0043,2,5,2025-01-09 11:30:00,Cliente_CLI_0043,64,0,1,44701,True,1,80.0,0.0,400.0,400.0
1408,CLI_0048,0,4,2025-01-09 12:00:00,Cliente_CLI_0048,51,2,2,43742,False,1,120.0,5.0,480.0,456.0
1409,CLI_0039,2,3,2025-01-09 12:30:00,Cliente_CLI_0039,40,0,1,86898,False,1,80.0,0.0,240.0,240.0
1410,CLI_0093,0,4,2025-01-09 13:00:00,Cliente_CLI_0093,50,2,1,40087,True,1,120.0,5.0,480.0,456.0
1411,CLI_0042,0,2,2025-01-09 13:30:00,Cliente_CLI_0042,52,3,0,17287,True,1,120.0,5.0,240.0,228.0
1412,CLI_0026,0,4,2025-01-09 14:00:00,Cliente_CLI_0026,61,0,2,68606,True,1,120.0,5.0,480.0,456.0
1413,CLI_0099,1,1,2025-01-09 14:30:00,Cliente_CLI_0099,56,3,3,60861,False,2,450.0,10.0,450.0,405.0
1414,CLI_0050,1,2,2025-01-09 15:00:00,Cliente_CLI_0050,35,3,0,19903,True,2,450.0,10.0,900.0,810.0
1415,CLI_0025,2,3,2025-01-09 15:30:00,Cliente_CLI_0025,69,0,1,71916,False,1,80.0,0.0,240.0,240.0
1416,CLI_0024,0,1,2025-01-09 16:00:00,Cliente_CLI_0024,49,2,4,49974,False,1,120.0,5.0,120.0,114.0
1417,CLI_0013,0,2,2025-01-09 16:30:00,Cliente_CLI_0013,24,0,4,83543,False,1,120.0,5.0,240.0,228.0
1418,CLI_0060,1,3,2025-01-09 17:00:00,Cliente_CLI_0060,31,0,0,43062,False,2,450.0,10.0,1350.0,1215.0
1419,CLI_0007,0,1,2025-01-09 17:30:00,Cliente_CLI_0007,33,2,4,81431,True,1,120.0,5.0,120.0,114.0
1420,CLI_0057,1,1,2025-01-09 18:00:00,Cliente_CLI_0057,24,0,4,59708,False,2,450.0,10.0,450.0,405.0
1421,CLI_0036,0,2,2025-01-09 18:30:00,Cliente_CLI_0036,68,0,3,50042,False,1,120.0,5.0,240.0,228.0
1422,CLI_0045,2,5,2025-01-09 19:00:00,Cliente_CLI_0045,45,0,1,27602,True,1,80.0,0.0,400.0,400.0
1423,CLI_0020,0,1,2025-01-09 19:30:00,Cliente_CLI_0020,39,0,0,37345,True,1,120.0,5.0,120.0,114.0
1424,CLI_0065,0,1,2025-01-09 20:00:00,Cliente_CLI_0065,45,2,0,15084,False,1,120.0,5.0,120.0,114.0
1425,CLI_0008,3,3,2025-01-09 20:30:00,Cliente_CLI_0008,38,0,0,77957,False,0,25.0,15.0,75.0,63.75
1426,CLI_0016,1,4,2025-01-09 21:00:00,Cliente_CLI_0016,59,1,1,84910,False,2,450.0,10.0,1800.0,1620.0
1427,CLI_0014,0,2,2025-01-09 21:30:00,Cliente_CLI_0014,40,0,3,46062,False,1,120.0,5.0,240.0,228.0
1428,CLI_0076,0,2,2025-01-09 22:00:00,Cliente_CLI_0076,69,2,3,88797,False,1,120.0,5.0,240.0,228.0
1429,CLI_0087,3,5,2025-01-09 22:30:00,Cliente_CLI_0087,20,2,1,57837,False,0,25.0,15.0,125.0,106.25
1430,CLI_0015,3,5,2025-01-09 23:00:00,Cliente_CLI_0015,69,1,4,47265,True,0,25.0,15.0,125.0,106.25
1431,CLI_0092,1,2,2025-01-09 23:30:00,Cliente_CLI_0092,35,3,4,31804,True,2,450.0,10.0,900.0,810.0
1432,CLI_0098,3,5,2025-01-10 00:00:00,Cliente_CLI_0098,50,0,2,66985,False,0,25.0,15.0,125.0,106.25
1433,CLI_0066,2,3,2025-01-10 00:30:00,Cliente_CLI_0066,21,2,2,17491,True,1,80.0,0.0,240.0,240.0
1434,CLI_0032,3,2,2025-01-10 01:00:00,Cliente_CLI_0032,54,1,2,47573,True,0,25.0,15.0,50.0,42.5
1435,CLI_0087,2,5,2025-01-10 01:30:00,Cliente_CLI_0087,20,2,1,57837,False,1,80.0,0.0,400.0,400.0
1436,CLI_0063,1,2,2025-01-10 02:00:00,Cliente_CLI_0063,41,0,4,11007,False,2,450.0,10.0,900.0,810.0
1437,CLI_0086,1,4,2025-01-10 02:30:00,Cliente_CLI_0086,20,0,2,15655,False,2,450.0,10.0,1800.0,1620.0
1438,CLI_0051,1,1,2025-01-10 03:00:00,Cliente_CLI_0051,45,0,0,55648,False,2,450.0,10.0,450.0,405.0
1439,CLI_0025,1,2,2025-01-10 03:30:00,Cliente_CLI_0025,69,0,1,71916,False,2,450.0,10.0,900.0,810.0
1440,CLI_0058,1,1,2025-01-10 04:00:00,Cliente_CLI_0058,68,1,3,12719,True,2,450.0,10.0,450.0,405.0
1441,CLI_0063,2,5,2025-01-10 04:30:00,Cliente_CLI_0063,41,0,4,11007,False,1,80.0,0.0,400.0,400.0
1442,CLI_0062,2,1,2025-01-10 05:00:00,Cliente_CLI_0062,34,2,3,22987,False,1,80.0,0.0,80.0,80.0
1443,CLI_0022,1,2,2025-01-10 05:30:00,Cliente_CLI_0022,19,1,4,62393,False,2,450.0,10.0,900.0,810.0
1444,CLI_0058,3,4,2025-01-10 06:00:00,Cliente_CLI_0058,68,1,3,12719,True,0,25.0,15.0,100.0,85.0
1445,CLI_0058,0,5,2025-01-10 06:30:00,Cliente_CLI_0058,68,1,3,12719,True,1,120.0,5.0,600.0,570.0
1446,CLI_0086,1,2,2025-01-10 07:00:00,Cliente_CLI_0086,20,0,2,15655,False,2,450.0,10.0,900.0,810.0
1447,CLI_0049,3,5,2025-01-10 07:30:00,Cliente_CLI_0049,25,1,0,80831,False,0,25.0,15.0,125.0,106.25
1448,CLI_0052,0,3,2025-01-10 08:00:00,Cliente_CLI_0052,57,0,0,29129,True,1,120.0,5.0,360.0,342.0
1449,CLI_0042,1,1,2025-01-10 08:30:00,Cliente_CLI_0042,52,3,0,17287,True,2,450.0,10.0,450.0,405.0
1450,CLI_0070,1,3,2025-01-10 09:00:00,Cliente_CLI_0070,52,2,0,37083,True,2,450.0,10.0,1350.0,1215.0
1451,CLI_0015,2,2,2025-01-10 09:30:00,Cliente_CLI_0015,69,1,4,47265,True,1,80.0,0.0,160.0,160.0
1452,CLI_0054,0,4,2025-01-10 10:00:00,Cliente_CLI_0054,57,2,1,75082,False,1,120.0,5.0,480.0,456.0
1453,CLI_0060,0,5,2025-01-10 10:30:00,Cliente_CLI_0060,31,0,0,43062,False,1,120.0,5.0,600.0,570.0
1454,CLI_0097,3,1,2025-01-10 11:00:00,Cliente_CLI_0097,19,0,1,55004,False,0,25.0,15.0,25.0,21.25
1455,CLI_0008,2,5,2025-01-10 11:30:00,Cliente_CLI_0008,38,0,0,77957,False,1,80.0,0.0,400.0,400.0
1456,CLI_0053,2,2,2025-01-10 12:00:00,Cliente_CLI_0053,57,3,4,17314,False,1,80.0,0.0,160.0,160.0
1457,CLI_0060,2,5,2025-01-10 12:30:00,Cliente_CLI_0060,31,0,0,43062,False,1,80.0,0.0,400.0,400.0
1458,CLI_0005,2,1,2025-01-10 13:00:00,Cliente_CLI_0005,61,1,4,16960,True,1,80.0,0.0,80.0,80.0
1459,CLI_0068,0,2,2025-01-10 13:30:00,Cliente_CLI_0068,18,3,3,86919,True,1,120.0,5.0,240.0,228.0
1460,CLI_0006,0,5,2025-01-10 14:00:00,Cliente_CLI_0006,34,3,1,67134,False,1,120.0,5.0,600.0,570.0
1461,CLI_0096,1,4,2025-01-10 14:30:00,Cliente_CLI_0096,27,2,3,73483,True,2,450.0,10.0,1800.0,1620.0
1462,CLI_0094,1,2,2025-01-10 15:00:00,Cliente_CLI_0094,39,1,1,53408,False,2,450.0,10.0,900.0,810.0
1463,CLI_0047,2,2,2025-01-10 15:30:00,Cliente_CLI_0047,57,0,0,68762,True,1,80.0,0.0,160.0,160.0
1464,CLI_0099,2,4,2025-01-10 16:00:00,Cliente_CLI_0099,56,3,3,60861,False,1,80.0,0.0,320.0,320.0
1465,CLI_0055,2,3,2025-01-10 16:30:00,Cliente_CLI_0055,58,0,4,61756,True,1,80.0,0.0,240.0,240.0
1466,CLI_0040,1,1,2025-01-10 17:00:00,Cliente_CLI_0040,66,0,4,17657,True,2,450.0,10.0,450.0,405.0
1467,CLI_0052,3,3,2025-01-10 17:30:00,Cliente_CLI_0052,57,0,0,29129,True,0,25.0,15.0,75.0,63.75
1468,CLI_0016,3,5,2025-01-10 18:00:00,Cliente_CLI_0016,59,1,1,84910,False,0,25.0,15.0,125.0,106.25
1469,CLI_0013,1,4,2025-01-10 18:30:00,Cliente_CLI_0013,24,0,4,83543,False,2,450.0,10.0,1800.0,1620.0
1470,CLI_0030,1,3,2025-01-10 19:00:00,Cliente_CLI_0030,54,0,1,45400,True,2,450.0,10.0,1350.0,1215.0
1471,CLI_0019,1,2,2025-01-10 19:30:00,Cliente_CLI_0019,40,2,1,54547,True,2,450.0,10.0,900.0,810.0
1472,CLI_0017,1,5,2025-01-10 20:00:00,Cliente_CLI_0017,52,2,2,67132,False,2,450.0,10.0,2250.0,2025.0
1473,CLI_0063,1,5,2025-01-10 20:30:00,Cliente_CLI_0063,41,0,4,11007,False,2,450.0,10.0,2250.0,2025.0
1474,CLI_0019,1,3,2025-01-10 21:00:00,Cliente_CLI_0019,40,2,1,54547,True,2,450.0,10.0,1350.0,1215.0
1475,CLI_0092,2,3,2025-01-10 21:30:00,Cliente_CLI_0092,35,3,4,31804,True,1,80.0,0.0,240.0,240.0
1476,CLI_0058,2,4,2025-01-10 22:00:00,Cliente_CLI_0058,68,1,3,12719,True,1,80.0,0.0,320.0,320.0
1477,CLI_0055,2,1,2025-01-10 22:30:00,Cliente_CLI_0055,58,0,4,61756,True,1,80.0,0.0,80.0,80.0
1478,CLI_0090,2,3,2025-01-10 23:00:00,Cliente_CLI_0090,19,2,4,39759,True,1,80.0,0.0,240.0,240.0
1479,CLI_0090,1,3,2025-01-10 23:30:00,Cliente_CLI_0090,19,2,4,39759,True,2,450.0,10.0,1350.0,1215.0
1480,CLI_0062,3,2,2025-01-11 00:00:00,Cliente_CLI_0062,34,2,3,22987,False,0,25.0,15.0,50.0,42.5
1481,CLI_0023,0,5,2025-01-11 00:30:00,Cliente_CLI_0023,47,1,0,37788,False,1,120.0,5.0,600.0,570.0
1482,CLI_0009,1,1,2025-01-11 01:00:00,Cliente_CLI_0009,23,2,1,65761,True,2,450.0,10.0,450.0,405.0
1483,CLI_0012,0,2,2025-01-11 01:30:00,Cliente_CLI_0012,38,3,3,54813,True,1,120.0,5.0,240.0,228.0
1484,CLI_0001,3,4,2025-01-11 02:00:00,Cliente_CLI_0001,26,2,1,64912,True,0,25.0,15.0,100.0,85.0
1485,CLI_0058,2,4,2025-01-11 02:30:00,Cliente_CLI_0058,68,1,3,12719,True,1,80.0,0.0,320.0,320.0
1486,CLI_0001,3,3,2025-01-11 03:00:00,Cliente_CLI_0001,26,2,1,64912,True,0,25.0,15.0,75.0,63.75
1487,CLI_0034,1,3,2025-01-11 03:30:00,Cliente_CLI_0034,51,0,2,72211,True,2,450.0,10.0,1350.0,1215.0
1488,CLI_0096,2,4,2025-01-11 04:00:00,Cliente_CLI_0096,27,2,3,73483,True,1,80.0,0.0,320.0,320.0
1489,CLI_0048,1,3,2025-01-11 04:30:00,Cliente_CLI_0048,51,2,2,43742,False,2,450.0,10.0,1350.0,1215.0
1490,CLI_0089,2,1,2025-01-11 05:00:00,Cliente_CLI_0089,26,3,1,15109,True,1,80.0,0.0,80.0,80.0
1491,CLI_0001,0,3,2025-01-11 05:30:00,Cliente_CLI_0001,26,2,1,64912,True,1,120.0,5.0,360.0,342.0
1492,CLI_0016,0,5,2025-01-11 06:00:00,Cliente_CLI_0016,59,1,1,84910,False,1,120.0,5.0,600.0,570.0
1493,CLI_0061,0,3,2025-01-11 06:30:00,Cliente_CLI_0061,49,0,4,76672,True,1,120.0,5.0,360.0,342.0
1494,CLI_0064,3,2,2025-01-11 07:00:00,Cliente_CLI_0064,36,3,3,52207,False,0,25.0,15.0,50.0,42.5
1495,CLI_0063,1,1,2025-01-11 07:30:00,Cliente_CLI_0063,41,0,4,11007,False,2,450.0,10.0,450.0,405.0
1496,CLI_0069,3,2,2025-01-11 08:00:00,Cliente_CLI_0069,35,3,0,31195,False,0,25.0,15.0,50.0,42.5
1497,CLI_0022,0,2,2025-01-11 08:30:00,Cliente_CLI_0022,19,1,4,62393,False,1,120.0,5.0,240.0,228.0
1498,CLI_0093,1,5,2025-01-11 09:00:00,Cliente_CLI_0093,50,2,1,40087,True,2,450.0,10.0,2250.0,2025.0
1499,CLI_0067,0,1,2025-01-11 09:30:00,Cliente_CLI_0067,34,2,1,83609,False,1,120.0,5.0,120.0,114.0
